micro_b001_johann.txt,micro_b001_vincent.txt
micro_b002_johann.txt,micro_b002_vincent.txt
micro_b003_johann.txt,micro_b003_vincent.txt
micro_b004_johann.txt,micro_b004_vincent.txt
micro_b005_johann.txt,micro_b005_vincent.txt
micro_b011_soeren.txt,micro_b011_valentina.txt
micro_b012_soeren.txt,micro_b012_valentina.txt
micro_b013_soeren.txt,micro_b013_valentina.txt
micro_b014_soeren.txt,micro_b014_valentina.txt
micro_b021_andrew.txt,micro_b021_dominik.txt
micro_b022_andrew.txt,micro_b022_dominik.txt
micro_b023_andrew.txt,micro_b023_dominik.txt
micro_b024_andrew.txt,micro_b024_dominik.txt
micro_b025_andrew.txt,micro_b025_dominik.txt
micro_b041_freya.txt,micro_b041_isabelle.txt
micro_b042_freya.txt,micro_b042_isabelle.txt
micro_b044_freya.txt,micro_b044_isabelle.txt
micro_b045_freya.txt,micro_b045_isabelle.txt
micro_b046_freya.txt,micro_b046_isabelle.txt
